{"planetMaterial":{"instanceID":20250},"biomeColourSettings":{"biomes":[{"gradient":{"serializedVersion":"2","key0":{"r":0.8311692476272583,"g":0.849056601524353,"b":0.40450337529182436,"a":1.0},"key1":{"r":0.515860915184021,"g":0.7058823704719544,"b":0.09019606560468674,"a":1.0},"key2":{"r":0.23555952310562135,"g":0.4627451002597809,"b":0.019607843831181527,"a":0.0},"key3":{"r":0.19269368052482606,"g":0.4528301954269409,"b":0.0,"a":0.0},"key4":{"r":0.5943396091461182,"g":0.368611216545105,"b":0.21026165783405305,"a":0.0},"key5":{"r":0.38679248094558718,"g":0.21168209612369538,"b":0.09669812023639679,"a":0.0},"key6":{"r":0.3207547068595886,"g":0.1412709802389145,"b":0.0,"a":0.0},"key7":{"r":0.3207547068595886,"g":0.1412709802389145,"b":0.0,"a":0.0},"ctime0":3663,"ctime1":7587,"ctime2":16482,"ctime3":23938,"ctime4":36496,"ctime5":47222,"ctime6":65535,"ctime7":65535,"atime0":0,"atime1":65535,"atime2":0,"atime3":0,"atime4":0,"atime5":0,"atime6":0,"atime7":0,"m_Mode":0,"m_NumColorKeys":7,"m_NumAlphaKeys":2},"tint":{"r":0.0,"g":0.0,"b":0.0,"a":0.0},"startHeight":0.0,"tintPercent":0.0},{"gradient":{"serializedVersion":"2","key0":{"r":0.8311692476272583,"g":0.849056601524353,"b":0.40450337529182436,"a":1.0},"key1":{"r":0.8207547068595886,"g":0.7382645606994629,"b":0.15873084962368012,"a":1.0},"key2":{"r":0.7169811725616455,"g":0.5241069197654724,"b":0.04396584630012512,"a":0.0},"key3":{"r":0.5943396091461182,"g":0.368611216545105,"b":0.21026165783405305,"a":0.0},"key4":{"r":0.38679248094558718,"g":0.21168209612369538,"b":0.09669812023639679,"a":0.0},"key5":{"r":0.38679248094558718,"g":0.21168209612369538,"b":0.09669812023639679,"a":0.0},"key6":{"r":0.38679248094558718,"g":0.21168209612369538,"b":0.09669812023639679,"a":0.0},"key7":{"r":0.3207547068595886,"g":0.1412709802389145,"b":0.0,"a":0.0},"ctime0":3663,"ctime1":10595,"ctime2":26162,"ctime3":43036,"ctime4":65535,"ctime5":65535,"ctime6":65535,"ctime7":65535,"atime0":0,"atime1":65535,"atime2":0,"atime3":0,"atime4":0,"atime5":0,"atime6":0,"atime7":0,"m_Mode":0,"m_NumColorKeys":5,"m_NumAlphaKeys":2},"tint":{"r":0.0,"g":0.0,"b":0.0,"a":0.0},"startHeight":0.5170000195503235,"tintPercent":0.0},{"gradient":{"serializedVersion":"2","key0":{"r":0.9716981053352356,"g":0.9716981053352356,"b":0.9716981053352356,"a":1.0},"key1":{"r":0.6886792182922363,"g":0.6175439953804016,"b":0.5684852004051209,"a":1.0},"key2":{"r":0.8895421028137207,"g":0.8280781507492065,"b":0.784960925579071,"a":0.0},"key3":{"r":0.7547169923782349,"g":0.7547169923782349,"b":0.7547169923782349,"a":0.0},"key4":{"r":1.0,"g":1.0,"b":1.0,"a":0.0},"key5":{"r":1.0,"g":1.0,"b":1.0,"a":0.0},"key6":{"r":0.0,"g":0.0,"b":0.0,"a":0.0},"key7":{"r":0.0,"g":0.0,"b":0.0,"a":0.0},"ctime0":5756,"ctime1":11250,"ctime2":20014,"ctime3":47353,"ctime4":65535,"ctime5":65535,"ctime6":0,"ctime7":0,"atime0":0,"atime1":65535,"atime2":0,"atime3":0,"atime4":0,"atime5":0,"atime6":0,"atime7":0,"m_Mode":0,"m_NumColorKeys":5,"m_NumAlphaKeys":2},"tint":{"r":1.0,"g":0.753327488899231,"b":0.0,"a":0.0},"startHeight":0.8330000042915344,"tintPercent":0.0}],"noise":{"filterType":0,"simpleNoiseSettings":{"strength":1.0,"numLayers":2,"baseRoughness":1.0,"roughness":2.0,"persistence":1.1299999952316285,"centre":{"x":0.0,"y":0.0,"z":0.0},"minValue":0.0},"ridgidNoiseSettings":{"strength":1.0,"numLayers":1,"baseRoughness":1.0,"roughness":2.0,"persistence":0.5,"centre":{"x":0.0,"y":0.0,"z":0.0},"minValue":0.0,"weightMultiplier":0.800000011920929}},"noiseOffset":1.0800000429153443,"noiseStrength":0.15000000596046449,"blendAmount":0.24199999868869782},"oceanColour":{"serializedVersion":"2","key0":{"r":0.0012904979521408678,"g":0.09538346529006958,"b":0.27358490228652956,"a":1.0},"key1":{"r":0.05418529361486435,"g":0.19171538949012757,"b":0.45218324661254885,"a":1.0},"key2":{"r":0.08116663992404938,"g":0.24085378646850587,"b":0.5432852506637573,"a":0.0},"key3":{"r":0.042719822376966479,"g":0.36969175934791567,"b":0.6037735939025879,"a":0.0},"key4":{"r":0.11372549086809159,"g":0.602870762348175,"b":0.8392156958580017,"a":0.0},"key5":{"r":0.0,"g":0.0,"b":0.0,"a":0.0},"key6":{"r":0.0,"g":0.0,"b":0.0,"a":0.0},"key7":{"r":0.0,"g":0.0,"b":0.0,"a":0.0},"ctime0":0,"ctime1":43754,"ctime2":58211,"ctime3":61873,"ctime4":65535,"ctime5":0,"ctime6":0,"ctime7":0,"atime0":0,"atime1":65535,"atime2":0,"atime3":0,"atime4":0,"atime5":0,"atime6":0,"atime7":0,"m_Mode":0,"m_NumColorKeys":5,"m_NumAlphaKeys":2}}