{"planetRadius":2.7300000190734865,"noiseLayers":[{"enabled":true,"useFirstLayerAsMask":false,"noiseSettings":{"filterType":0,"simpleNoiseSettings":{"strength":0.07000000029802323,"numLayers":4,"baseRoughness":1.0700000524520875,"roughness":2.200000047683716,"persistence":0.5,"centre":{"x":1.1100000143051148,"y":0.9200000166893005,"z":-0.38999998569488528},"minValue":0.9800000190734863},"ridgidNoiseSettings":{"strength":1.0,"numLayers":1,"baseRoughness":1.0,"roughness":2.0,"persistence":0.5,"centre":{"x":0.0,"y":0.0,"z":0.0},"minValue":0.0,"weightMultiplier":0.800000011920929}}},{"enabled":true,"useFirstLayerAsMask":true,"noiseSettings":{"filterType":1,"simpleNoiseSettings":{"strength":1.0,"numLayers":1,"baseRoughness":1.0,"roughness":2.0,"persistence":0.5,"centre":{"x":0.0,"y":0.0,"z":0.0},"minValue":0.0},"ridgidNoiseSettings":{"strength":1.4199999570846558,"numLayers":4,"baseRoughness":1.590000033378601,"roughness":3.299999952316284,"persistence":0.5,"centre":{"x":0.0,"y":0.0,"z":0.0},"minValue":0.3700000047683716,"weightMultiplier":0.7799999713897705}}}]}